ticker,name,market_cap,price,ma25,ma112,ma224,ma448,rsi,rsi_buy_zone,obv_rising,cloud_target,cloud_distance_pct,cloud_signal,poc_price,value_area_low,value_area_high,vp_distance_pct,vp_signal,match_count,error
JPM,JP Morgan Chase & Co.,883527940473.5248,332.3800048828125,346.7180017089844,334.0365186418806,320.4566525050572,296.9452682222639,34.481014974089774,True,False,330.88499450683594,0.004518217509998557,True,308.5975040435791,292.21000518798826,333.72500228881836,0.13746962452220474,False,2,
BRK-B,Berkshire Hathaway Inc. New,1079474341627.8091,504.260009765625,506.4116003417969,495.7210709708078,493.94919613429477,492.5951559203012,48.74634201778938,False,True,502.84999084472656,0.0028040547808895807,True,499.9533752441406,478.756005859375,508.247998046875,0.05327140253931617,False,2,
PG,Procter & Gamble Company (The),338970802883.8667,145.94000244140625,146.14320068359376,146.28901835850306,147.4322774750846,154.0965405532292,49.64201299514793,False,True,145.04249954223633,0.006187861502680249,True,144.65712127685546,142.0644958496094,150.95349731445313,0.02727990951306726,False,2,
GOOGL,Alphabet Inc.,4237305535825.6895,346.4700012207031,342.1139990234375,357.547231401716,335.60415118081227,265.59653994015287,52.3969068298817,False,True,340.3599853515625,0.017951628076460002,True,341.66161460876464,296.30949249267576,369.73673782348635,0.16928417752012195,False,2,
COST,Costco Wholesale Corporation,409365024977.53906,923.52001953125,912.617998046875,957.288745880127,954.8620965140207,961.4743291309902,52.76413190278983,False,True,937.9750061035156,-0.015410844082417226,False,916.636498260498,907.1699981689453,1008.1459991455079,0.018023106358572242,True,2,
GOOG,Alphabet Inc.,4205018328722.4136,343.8299865722656,338.77919921875,355.0125887734549,334.28464221954346,265.56450874464855,52.91844676856375,False,True,338.00250244140625,0.017240949663884772,True,339.4533123016357,295.40974884033204,366.71837539672856,0.163908733283222,False,2,
TSLA,"Tesla, Inc.",1495812127920.6436,378.7300109863281,365.3387976074219,378.32080214364186,396.7835709708078,371.639776468277,58.771516795035026,False,True,337.1225051879883,0.12341954380986346,False,435.8768672943115,372.9237480163574,453.50374069213865,0.015569571529984798,True,2,
MS,Morgan Stanley,298706006909.87036,190.19000244140625,203.65480041503906,208.62124974387032,191.35696383884974,164.01515591144562,29.806353978294595,False,False,188.19000244140625,0.010627557118092436,True,164.9066219329834,151.83999633789062,200.08599853515625,0.2525685394392073,False,1,
GS,"Goldman Sachs Group, Inc. (The)",260150012589.48926,893.4600219726562,965.9920043945312,1011.2768761771066,945.8370099748884,801.9945096288409,30.317817077126662,True,False,950.1199951171875,-0.05963454451618275,False,931.4757507324218,750.3595092773437,988.397998046875,0.19070926792562382,False,1,
GE,GE Aerospace,317846896432.75256,306.3399963378906,320.87599975585937,334.3748220716204,320.7070541381836,279.4822324684688,32.69223432049141,True,False,325.94000244140625,-0.06013378522643623,False,309.3863761901855,280.9030029296875,328.875,0.09055436625065287,False,1,
NFLX,"Netflix, Inc.",281065928130.0,67.5,74.58880065917968,78.46294607434955,86.10977659906659,98.22019192150661,32.78561075412405,True,False,77.53499984741211,-0.1294254190644336,False,94.22275123596191,71.05800170898438,99.4535011291504,0.2836125127469496,False,1,
WMT,Walmart Inc.,833598715120.6827,105.06999969482422,106.88360076904297,114.98187446594238,117.34334792409625,107.22982134137835,43.05504001457722,False,True,111.92499923706055,-0.061246366664852336,False,119.28750085830688,101.60099773406982,121.5550012588501,0.03414338479070997,False,1,
LLY,Eli Lilly and Company,1019367431672.5139,1143.1199951171875,1152.1539892578126,1130.1168757847377,1070.4067886897496,931.4992421013968,43.11584412580567,False,True,1049.97998046875,0.08870646715269404,False,1070.0500030517578,949.2099914550781,1216.3300170898438,0.20428567483245488,False,1,
UNH,UnitedHealth Group Incorporated,339811445124.59485,378.5799865722656,381.61999877929685,397.21937370300293,353.43357031685963,373.83162873131886,47.35120207943762,False,True,343.7550048828125,0.10130756263847011,False,284.24687538146975,266.2525009155273,379.35999755859376,0.42188330727596024,False,1,
AMZN,"Amazon.com, Inc.",2711679166166.3667,251.39999389648438,252.51239929199218,254.67919635772705,240.1769642148699,228.16330364772253,48.415046099155845,False,True,238.8499984741211,0.05254341847409744,False,231.34000473022462,216.52000274658204,266.68000946044924,0.16109362048515377,False,1,
AVGO,Broadcom Inc.,1730488608978.6292,362.510009765625,356.35999877929686,389.56116104125977,368.0076788493565,313.9165402821132,52.07148897419961,False,True,389.38999938964844,-0.06903102202459392,False,348.9089939117432,320.7159927368164,397.6059959411621,0.1303147269712405,False,1,
XOM,ExxonMobil Holdings Corporation,674353561440.0,164.0,162.85560119628906,153.3154468536377,145.902142899377,127.9714287008558,54.93910578741393,False,True,143.06999969482422,0.1462920273280252,False,150.82725200653076,135.1475009918213,168.15750312805176,0.2134889568540729,False,1,
MU,"Micron Technology, Inc.",1201629092821.04,1063.9599609375,1014.8159985351563,921.0713405609131,637.5622325624738,378.4581253869193,57.25657326443101,False,True,845.4499969482422,0.2584540360494375,False,408.1303754806519,179.61000061035156,905.4982501983643,4.9237233857911376,False,1,
ABBV,AbbVie Inc.,469629106918.60474,265.760009765625,261.03239868164064,241.19964272635323,231.38749940054757,214.9140622275216,58.35373644662906,False,True,226.19500732421875,0.17491545418902804,False,227.12100677490236,200.5800018310547,235.96800842285157,0.32495765948526806,False,1,
LIN,Linde plc,222367613278.8197,482.3800048828125,471.0516027832031,498.03482246398926,478.334107535226,467.55473245893205,58.490056153057324,False,True,465.5899963378906,0.03606178972268325,False,498.06875801086426,439.91650314331054,524.1370101928711,0.09652627586391942,False,1,
CSCO,"Cisco Systems, Inc.",444802649808.678,112.81999969482422,109.05519927978516,112.48196417944771,95.70058032444545,80.11513381344932,58.62562259674454,False,True,105.62499618530273,0.06811837888163293,False,78.72749710083008,66.80999755859375,112.89099578857422,0.6886694180145531,False,1,
CAT,"Caterpillar, Inc.",389868667089.9789,848.1400146484375,809.7227978515625,875.2213385445731,772.9279452732632,583.3957362856183,59.54308062320171,False,True,805.7000122070312,0.052674695045804396,False,815.3743476867676,586.7842330932617,955.4779663085938,0.4454035517918163,False,1,
PLTR,Palantir Technologies Inc.,455139261444.895,189.39999389648438,180.45799926757812,150.0436154093061,154.4409818308694,142.15022310188837,61.79943825763379,False,True,144.40500259399414,0.31158886807403163,False,135.4506281852722,124.07125301361084,177.17500381469728,0.5265421223376123,False,1,
ASML,ASML Holding N.V. - New York Re,714372220373.5352,1859.8599853515625,1719.458408203125,1704.5933925083705,1494.5200432368688,1137.6258256094795,63.65656850946795,False,True,1682.385009765625,0.10549010752934714,False,1401.150592803955,1281.388719177246,1866.891212463379,0.4514408918362738,False,1,
PANW,"Palo Alto Networks, Inc.",332729687988.28125,406.760009765625,369.2316003417969,315.3553566251482,245.21986607142858,218.04997760908944,63.6870648352899,False,True,273.9949951171875,0.4845526999194054,False,163.18888168334962,139.57000732421875,281.28325347900386,1.9143797980946466,False,1,
META,"Meta Platforms, Inc.",1889994930522.476,741.9000244140625,680.586796875,617.8452644348145,629.1601764133999,650.2394187109811,63.96303310201047,False,True,579.2400054931641,0.28081627197418785,False,659.7735084533692,578.6610092163086,682.4850082397461,0.28209783033218633,False,1,
TMO,Thermo Fisher Scientific Inc,250230176884.17334,676.760009765625,641.8628002929687,546.310805456979,546.9486169815063,516.6511610576084,64.67637745921239,False,True,483.5250015258789,0.39963809033648057,False,568.763497543335,484.9419921875,640.1670021057129,0.39554837623539874,False,1,
MSFT,Microsoft Corporation,3899747926577.0605,525.1799926757812,502.9547998046875,441.8274985722133,438.84071363721574,449.40598160879955,66.17154210418117,False,True,375.66749572753906,0.3979915713992976,False,397.7735023498535,354.3130111694336,482.1379852294922,0.4822486787668052,False,1,
LRCX,Lam Research Corporation,432742529103.4237,345.79998779296875,305.0775988769531,317.2946413585118,263.10772241864885,179.53714243003301,66.5404743228691,False,True,298.6475067138672,0.15788673944724455,False,157.92450389862063,131.02000427246094,300.1340019226074,1.6392915319546542,False,1,
NVDA,NVIDIA Corporation,5768718152618.408,238.89999389648438,224.22799987792968,213.49973215375627,199.00705371584212,173.9583260331835,66.90100166136293,False,True,200.40499877929688,0.1920860026030662,False,186.07112979888916,173.74875450134277,209.76800537109375,0.37497384992557226,False,1,
KLAC,KLA Corporation,269940600835.3275,206.85000610351562,183.4867999267578,201.3540985924857,171.76847328458513,128.0713706612587,67.17736707088103,False,True,193.8375015258789,0.06713099619631366,False,121.640212059021,103.32882499694824,192.26984786987305,1.0018615919577603,False,1,
AMD,"Advanced Micro Devices, Inc.",1031316107783.5,631.75,552.2036010742188,498.29875101361955,360.1684380258833,250.79453136239732,69.23859238517238,False,True,369.6549987792969,0.7090259893311692,False,205.34300136566162,187.25600051879883,416.35801124572754,2.3737236630586795,False,1,
AMAT,"Applied Materials, Inc.",430352044639.9651,542.280029296875,467.8516015625,501.24383871895924,409.76892825535367,293.35743304661344,69.64312733157462,False,True,505.9074935913086,0.0718956255171613,False,223.51011848449707,203.39999389648438,484.9417381286621,1.6660769202031325,False,1,
TXN,Texas Instruments Incorporated,269316737027.37848,294.8999938964844,268.61480224609375,285.4529462541853,240.84633956636702,212.81609416007996,70.9809989434633,False,True,258.2300033569336,0.1420051506906592,False,177.65874614715577,152.72999572753906,279.6399978637695,0.9308583915799217,False,1,
TSM,Taiwan Semiconductor Manufactur,2519589012203.9497,485.79998779296875,438.8016015625,423.7387501852853,377.6126341138567,298.8132588863373,75.64858110842704,False,True,381.97999572753906,0.2717943170497416,False,418.51687812805176,321.98250579833984,454.3725021362305,0.508777585876759,False,1,
RTX,RTX Corporation,248432261151.33887,184.3300018310547,194.1503985595703,193.9144639968872,192.67008904048376,167.4220312833786,23.454645986803556,False,False,199.71500396728516,-0.07703478371985838,False,176.1215009689331,169.88800048828125,201.94600296020508,0.08500895473055871,False,0,
BAC,Bank of America Corporation,377608411710.0,54.0,58.58360000610352,57.75303554534912,55.08040177822113,50.54834821394512,24.562482081338175,False,False,57.779998779296875,-0.0654205410030449,False,53.04737553596497,48.98649959564209,58.06375169754028,0.10234453259044297,False,0,
HD,"Home Depot, Inc. (The)",280500432260.4858,281.1499938964844,302.34600219726565,324.08794593811035,340.1513832637242,361.19301305498396,24.84527149695711,False,False,327.9324951171875,-0.14265893718152353,False,344.92000007629395,298.2339958190918,361.4860015869141,0.18488346911082013,False,0,
JNJ,Johnson & Johnson,609535634488.5854,252.92999267578125,267.86640014648435,250.78151757376534,237.85959815979004,200.90805809838432,29.233737220738803,False,False,226.31000518798828,0.11762620687353446,False,240.59138031005858,212.37900390625,276.16350708007815,0.19093690065253144,False,0,
MRK,"Merck & Company, Inc.",344269113802.2573,139.5399932861328,147.2123992919922,129.62107127053397,120.44419646263123,103.06667409624372,37.66350277501102,False,False,134.24499893188477,0.03944276804631434,False,120.40137510299682,95.11925144195557,130.7014995574951,0.467000540592816,False,0,
WFC,Wells Fargo & Company,246274513306.65088,81.44000244140625,85.51760040283203,83.61535733086723,84.9741519178663,80.99654028245381,38.64941423004733,False,False,79.31500053405762,0.026791929559858776,False,86.20675058364867,79.64949970245361,90.2660011291504,0.02247977382960866,False,0,
C,"Citigroup, Inc.",215634503573.78082,128.5500030517578,133.4983996582031,133.3610714503697,123.66607127870832,103.47779014280864,39.45166478067499,False,False,118.64999771118164,0.08343873182934912,False,132.34875583648682,108.59250450134277,141.17250633239746,0.18378338948954123,False,0,
IBM,International Business Machines,208758139861.2996,221.5800018310547,231.88919860839843,244.1407130105155,260.3480798857553,259.69685220718384,40.5519612879032,False,False,233.49749755859375,-0.051039072590268304,False,234.17337455749512,205.85350189208984,289.1472450256348,0.0763965625768602,False,0,
KO,Coca-Cola Company (The),372213544203.1668,86.51000213623047,87.76599975585937,84.02267857960292,79.13392857142857,73.89937499591282,43.87431696623719,False,False,74.6349983215332,0.15910771195490422,False,70.83687162399292,65.83999633789062,81.82999725341797,0.3139429973881142,False,0,
AMGN,Amgen Inc.,217863891314.4606,402.9800109863281,405.68360107421876,375.155358178275,361.5622775214059,325.747143472944,47.64715930115209,False,False,390.5399932861328,0.031853377154848816,False,345.6483745574951,319.8059997558594,383.4179992675781,0.26007645664547874,False,0,
ORCL,Oracle Corporation,431928270757.54974,142.47999572753906,146.0952001953125,160.279107434409,167.62339282035828,185.87939703464508,48.50640385721778,False,False,129.75499725341797,0.09806942887346788,False,148.3065013885498,130.10300064086914,197.71600341796875,0.09513228000662997,False,0,
MA,Mastercard Incorporated,494586475550.25757,564.5900268554688,568.4072045898438,535.2149982452393,533.7329444885254,545.5570527485439,49.46441039752255,False,False,524.1150054931641,0.07722545803514988,False,496.98861198425294,488.44423751831056,563.6347328186035,0.15589453920889726,False,0,
CVX,Chevron Corporation,405012230377.31525,206.47000122070312,208.7516003417969,192.22562531062536,183.1036161695208,167.0183928012848,51.222833047132546,False,False,174.26499938964844,0.18480476253895253,False,188.37287654876707,167.87700347900392,214.21549911499022,0.2298885311383698,False,0,
V,Visa Inc.,694076996763.036,369.7099914550781,369.2016015625,349.46571568080356,337.01138387407576,340.20892797197615,52.99137884452765,False,False,341.48500061035156,0.08265367671868094,False,329.41601181030273,314.5180130004883,362.65000915527344,0.17548113676562035,False,0,
AAPL,Apple Inc.,4858256793981.934,332.8900146484375,330.6376000976563,310.7945534842355,287.9960709980556,257.2727006162916,53.7893405918377,False,False,281.45499420166016,0.18274687430106348,False,272.72199764251707,245.96799812316894,304.5719970703125,0.3533875023926576,False,0,
